/*
 Navicat MySQL Data Transfer
 Source Database       : concept_platform
 Date                  : 2025-12-16 (Final Release)
 Description           : 包含所有功能迭代：注册单位、专家领域、审核时间、附件、评语等。
*/

SET NAMES utf8mb4;
SET FOREIGN_KEY_CHECKS = 0;

-- ----------------------------
-- 1. 创建数据库
-- ----------------------------
CREATE DATABASE IF NOT EXISTS `concept_platform` DEFAULT CHARSET utf8mb4 COLLATE utf8mb4_0900_ai_ci;
USE `concept_platform`;

-- ----------------------------
-- 2. 表结构：用户表 (sys_user)
-- ----------------------------
DROP TABLE IF EXISTS `sys_user`;
CREATE TABLE `sys_user` (
  `user_id` int NOT NULL AUTO_INCREMENT COMMENT '主键ID',
  `username` varchar(50) NOT NULL COMMENT '登录账号',
  `password` varchar(100) NOT NULL COMMENT '密码 (默认123456)',
  `real_name` varchar(50) NOT NULL COMMENT '真实姓名',
  `role` varchar(20) NOT NULL COMMENT '角色: APPLICANT(申报人), EXPERT(专家), ADMIN(管理员)',
  `company` varchar(100) DEFAULT NULL COMMENT '所属单位 (仅申报人需要)',
  `field` varchar(50) DEFAULT NULL COMMENT '擅长领域/职称 (仅专家需要)',
  `created_at` datetime DEFAULT CURRENT_TIMESTAMP COMMENT '注册时间',
  PRIMARY KEY (`user_id`),
  UNIQUE KEY `uk_username` (`username`)
) ENGINE=InnoDB AUTO_INCREMENT=100 DEFAULT CHARSET=utf8mb4 COMMENT='系统用户表';

-- ----------------------------
-- 3. 表结构：项目申报表 (project) - 科技成果信息表
-- ----------------------------
DROP TABLE IF EXISTS `project`;
CREATE TABLE `project` (
  `project_id` int NOT NULL AUTO_INCREMENT COMMENT '项目ID',
  `project_name` varchar(200) NOT NULL COMMENT '成果名称',
  `tech_domain` varchar(200) DEFAULT NULL COMMENT '成果领域（多选，JSON格式存储）',
  `description` text COMMENT '成果介绍（包括成果背景、痛点问题、技术解决方案、竞争优势分析、获奖情况、创新点等）',
  `application_scenario` text COMMENT '应用场景及案例（技术过往实际应用场景）',
  `cooperation_need` varchar(200) DEFAULT NULL COMMENT '合作需求（多选，JSON格式：技术授权/联合研发/技术咨询/人才联合培养）',
  `intellectual_property` text COMMENT '知识产权情况（专利、软著、核心论文等）',
  `attachment_url` varchar(500) DEFAULT NULL COMMENT '附件文件路径/URL（技术展示材料、补充材料、技术白皮书等）',
  `other_supplement` text COMMENT '其他补充信息',
  `budget` decimal(10,2) DEFAULT NULL COMMENT '预期经费(万元)',
  `status` int DEFAULT '0' COMMENT '状态: 0-草稿, 1-待初审, 2-评审中, 3-已入库, 9-已驳回',
  `reject_reason` varchar(255) DEFAULT NULL COMMENT '驳回理由',
  `audit_time` datetime DEFAULT NULL COMMENT '管理员审核时间',
  `applicant_id` int NOT NULL COMMENT '关联申报人ID',
  `created_at` datetime DEFAULT CURRENT_TIMESTAMP COMMENT '提交时间',
  PRIMARY KEY (`project_id`),
  KEY `idx_applicant` (`applicant_id`)
) ENGINE=InnoDB AUTO_INCREMENT=1000 DEFAULT CHARSET=utf8mb4 COMMENT='科技成果信息表';

-- ----------------------------
-- 4. 表结构：专家评审表 (review)
-- ----------------------------
DROP TABLE IF EXISTS `review`;
CREATE TABLE `review` (
  `review_id` int NOT NULL AUTO_INCREMENT COMMENT '主键',
  `project_id` int NOT NULL COMMENT '项目ID',
  `expert_id` int NOT NULL COMMENT '专家ID',
  `score` int DEFAULT NULL COMMENT '评分 (0-100)',
  `comments` text COMMENT '专家评语 (复数形式)',
  `review_time` datetime DEFAULT NULL COMMENT '评审时间',
  `status` int DEFAULT '0' COMMENT '状态: 0-未评, 1-已评',
  PRIMARY KEY (`review_id`),
  KEY `idx_project` (`project_id`),
  KEY `idx_expert` (`expert_id`),
  CONSTRAINT `fk_review_project` FOREIGN KEY (`project_id`) REFERENCES `project` (`project_id`) ON DELETE CASCADE,
  CONSTRAINT `fk_review_expert` FOREIGN KEY (`expert_id`) REFERENCES `sys_user` (`user_id`) ON DELETE CASCADE
) ENGINE=InnoDB AUTO_INCREMENT=5000 DEFAULT CHARSET=utf8mb4 COMMENT='专家评审记录表';

-- ----------------------------
-- 5. 初始化数据：用户
-- ----------------------------
INSERT INTO `sys_user` (`user_id`, `username`, `password`, `real_name`, `role`, `company`, `field`) VALUES 
(1, 'student', '123456', '张同学', 'APPLICANT', '北京大学', NULL),
(2, 'admin', '123456', '王管理员', 'ADMIN', '平台运营中心', NULL),
(3, 'expert1', '123456', '李教授', 'EXPERT', '清华大学', '人工智能'),
(4, 'expert2', '123456', '张博士', 'EXPERT', '中科院', '大数据分析'),
(5, 'expert3', '123456', '陈专家', 'EXPERT', '北医三院', '生物医药'),
(6, 'applicant1', '123456', '刘研究员', 'APPLICANT', '中国人民大学信息学院', NULL),
(7, 'applicant2', '123456', '王教授', 'APPLICANT', '中国人民大学信息学院', NULL),
(8, 'applicant3', '123456', '李博士', 'APPLICANT', '中国人民大学信息学院', NULL),
(9, 'applicant4', '123456', '陈老师', 'APPLICANT', '中国人民大学信息学院', NULL),
(10, 'applicant5', '123456', '赵研究员', 'APPLICANT', '中国人民大学信息学院', NULL),
(11, 'applicant6', '123456', '孙教授', 'APPLICANT', '中国人民大学信息学院', NULL),
(12, 'applicant7', '123456', '周博士', 'APPLICANT', '中国人民大学信息学院', NULL),
(13, 'applicant8', '123456', '吴老师', 'APPLICANT', '中国人民大学信息学院', NULL),
(14, 'applicant9', '123456', '郑研究员', 'APPLICANT', '中国人民大学信息学院', NULL),
(15, 'applicant10', '123456', '钱教授', 'APPLICANT', '中国人民大学信息学院', NULL),
(16, 'applicant11', '123456', '冯博士', 'APPLICANT', '中国人民大学信息学院', NULL),
(17, 'applicant12', '123456', '陈老师', 'APPLICANT', '中国人民大学信息学院', NULL),
(18, 'applicant13', '123456', '楚研究员', 'APPLICANT', '中国人民大学信息学院', NULL),
(19, 'applicant14', '123456', '魏教授', 'APPLICANT', '中国人民大学信息学院', NULL),
(20, 'applicant15', '123456', '蒋博士', 'APPLICANT', '中国人民大学信息学院', NULL);

-- ----------------------------
-- 6. 初始化数据：示例项目
-- ----------------------------
INSERT INTO `project` (`project_id`, `project_name`, `tech_domain`, `description`, `status`, `applicant_id`, `created_at`) VALUES 
(1001, '基于大模型的代码辅助工具', '人工智能', '本项目旨在开发一款IDE插件,利用LLM技术,实现代码自动补全、代码解释、代码生成等功能。', 1, 1, NOW());

INSERT INTO `project` (
    `project_id`, `project_name`, `tech_domain`, `description`, 
    `application_scenario`, `cooperation_need`, `intellectual_property`, 
    `attachment_url`, `other_supplement`, `budget`, `status`, 
    `applicant_id`, `created_at`
) VALUES 
(
    1002, '面向政务数据共享的隐私保护联邦学习平台', 
    '["人工智能", "大数据与云计算", "信息安全"]', 
    '背景. 政务数据跨部门共享存在隐私泄露风险, 制约数字政府建设. 痛点. 传统数据集中处理模式无法满足数据可用不可见的安全需求. 解决方案. 研发基于联邦学习的横向数据协同训练框架, 支持多方安全计算. 竞争优势. 已在省级政务云试点, 相比同态加密方案训练效率提升40%. 创新点. 提出差分隐私与联邦学习动态融合算法, 在保证模型精度95%前提下实现隐私保护水平. 获奖情况. 2023年中国人工智能学会优秀科技成果奖.',
    '1. 某省一网通办数据共享平台. 接入12个厅局, 支撑35个政务服务场景的模型训练. 2. 市医保局欺诈检测联合建模. 联合6家医院, 检测准确率从78%提升至92%.',
    '["技术授权", "联合研发", "技术咨询"]', 
    '专利. 一种基于差分隐私的联邦学习系统及方法, 专利号. ZL202310123456.7. 软著. 联邦隐私计算平台V1.0, 登记号. 2023SR123456. 论文. Federated Learning with Adaptive Differential Privacy for Cross-silo Data Sharing, IEEE TDSC.',
    '/attachments/project1002.zip', 
    '技术成熟度. 已完成原型系统开发, 通过中国信通院可信隐私计算评测.', 
    85.00, 1, 1, NOW()
),
(
    1003, '古籍智能标注与知识图谱构建系统', 
    '["人工智能", "数字人文技术"]', 
    '背景. 中华古籍数字化后存在标注效率低, 知识关联弱的问题. 痛点. 人工标注成本高, 专业人才稀缺. 解决方案. 采用多模态预训练模型实现古籍图像文字的自动识别与语义标注, 结合领域本体构建知识图谱. 竞争优势. 在永乐大典碎片复原任务中, 准确率比商业OCR软件高32%. 创新点. 提出字形文义语境三级注意力机制, 对异体字识别率达89%.',
    '1. 国家图书馆儒藏工程智能校勘子系统. 处理明刻本3000余页, 标注效率提升20倍. 2. 北京大学中华经典古籍库知识关联项目. 构建包含15万实体的儒学知识图谱.',
    '["技术授权", "联合研发", "人才联合培养"]', 
    '专利. 古籍文字识别与智能标注方法及装置, 申请号. 202410234567.8. 软著. 古籍知识图谱构建平台V2.1, 登记号. 2024SR234567. 论文. A Multi-modal Pre-training Approach for Ancient Chinese Book Understanding, ACM MM.',
    '/attachments/project1003.zip', 
    '获2023年全国古籍数字化创新大赛一等奖. 系统支持康熙字典214部首扩展字符集.', 
    65.50, 2, 1, NOW()
),
(
    1004, '云原生微服务智能监控与根因定位平台', 
    '["大数据与云计算"]', 
    '背景. 微服务架构故障传播链复杂, 平均定位时间长达数小时. 痛点. 传统监控指标与日志割裂, 依赖专家经验人工排查. 解决方案. 通过服务网格采集全链路数据, 结合时序异常检测与因果推断实现分钟级根因定位. 竞争优势. 在电商压测中, 将故障定位时间从平均2.3小时缩短至8分钟. 创新点. 提出服务依赖图的动态权重学习算法, 定位准确率达91%.',
    '1. 某银行核心系统云原生改造项目. 监控800多个微服务, 成功预警3次重大故障. 2. 运营商5G网络切片管理系统. 实现对网络功能链路的性能瓶颈智能诊断.',
    '["技术授权", "联合研发", "技术咨询"]', 
    '专利. 基于因果推理的微服务故障根因定位方法, 专利号. ZL202310345678.9. 软著. 云原生智能运维平台NaviOps V3.0, 登记号. 2023SR345678.',
    '/attachments/project1004.zip', 
    '平台已通过信创适配. 提供OpenTelemetry标准接口.', 
    120.00, 1, 1, NOW()
),
(
    1005, '基于区块链的医疗数据可信共享系统', 
    '["信息安全", "大数据与云计算"]', 
    '背景. 医疗科研中多中心数据共享缺乏可信溯源与激励机制. 痛点. 数据提供方担心滥用与确权困难. 解决方案. 设计基于联盟链的系统, 实现数据使用全生命周期上链存证. 结合智能合约执行贡献度积分激励. 竞争优势. 符合个人信息保护法去标识化要求. 创新点. 提出动态数据指纹技术, 确保经过处理的数据也可被唯一溯源.',
    '1. 国家自然科学基金跨区域肿瘤基因组研究. 连接8家三甲医院, 安全共享数据12.7TB. 2. 某医药企业临床试验数据管理平台. 实现试验数据全程可信追溯.',
    '["联合研发", "技术咨询"]', 
    '专利. 医疗数据共享的可信溯源方法及系统, 申请号. 202410456789.0. 软著. 医疗数据区块链管理平台MedChain V1.5, 登记号. 2024SR456789.',
    '/attachments/project1005.zip', 
    '获2023中国区块链技术创新应用大赛医疗赛道冠军. 已通过卫健委信息标准符合性测试.', 
    95.00, 3, 1, NOW()
),
(
    1006, '工业物联网边缘智能终端及预测性维护方案', 
    '["物联网与嵌入式技术", "人工智能"]', 
    '背景. 工业设备突发故障造成巨大停工损失. 痛点. 高延迟的云端分析无法满足实时性要求. 解决方案. 研发基于ARM与NPU的嵌入式边缘计算盒, 内嵌轻量级时序预测模型. 竞争优势. 单台成本低于2000元, 在风机故障预测中比同类方案早预警平均3.2天. 创新点. 提出模型在线自适应学习算法, 设备迁移后重新收敛时间缩短70%.',
    '1. 某风电集团全国风场智能运维项目. 部署终端超过800台, 节省维护成本约5000万元. 2. 高铁动车组关键部件状态监测试点. 实现轴温异常实时报警.',
    '["技术授权", "联合研发"]', 
    '专利. 工业设备边缘智能预测性维护终端及方法, 专利号. ZL202310567890.1. 软著. 边缘智能运维终端嵌入式系统E-IM V2.3, 登记号. 2023SR567890.',
    '/attachments/project1006.zip', 
    '终端工作温度范围-40度到85度, 符合工业级EMC标准. 提供SDK支持二次开发.', 
    150.00, 1, 1, NOW()
),
(
    1007, '大规模网络攻击智能感知与溯源系统', 
    '["信息安全"]', 
    '背景. APT攻击等高级威胁隐蔽性强. 痛点. 海量日志中异常行为信号微弱. 解决方案. 构建图神经网络驱动的威胁狩猎平台, 将网络流量主机日志建模为异构信息网络. 竞争优势. 对未知攻击模式的检出率比商业EDR产品高25%, 误报率低至0.01%. 创新点. 提出跨层攻击链重构算法, 溯源完整度提升40%.',
    '1. 某大型央企全网威胁感知平台. 日均处理流量日志200TB, 累计发现高级威胁事件17起. 2. 国家关键信息基础设施攻防演练支撑. 获优秀技术支撑单位表彰.',
    '["技术授权", "技术咨询"]', 
    '专利. 基于图神经网络的网络攻击溯源方法及系统, 申请号. 202410678901.2. 软著. 网络攻击智能感知系统NetHunter V4.0, 登记号. 2024SR678901.',
    '/attachments/project1007.zip', 
    '系统支持与主流SIEM平台对接. 已获公安部销售许可证.', 
    200.00, 2, 1, NOW()
),
(
    1008, '文化遗产高精度三维数字化与AI修复平台', 
    '["数字人文技术", "人工智能"]', 
    '背景. 石窟古建等文化遗产面临自然风化. 痛点. 传统摄影测量精度不足, 复杂缺损修复依赖大师经验. 解决方案. 集成激光雷达倾斜摄影实现毫米级三维建模. 开发基于生成对抗网络的文物缺损智能推理修复算法. 竞争优势. 在云冈石窟数字化项目中, 模型面片数量较传统方法减少30%. 创新点. 提出结构纹理解耦修复网络, 历史风格一致性获专家高分.',
    '1. 敦煌研究院数字敦煌重点项目. 完成10个特窟的高精度数字化. 2. 山西晋祠彩塑保护项目. 对30尊明清彩塑进行数字化建档.',
    '["联合研发", "技术咨询", "人才联合培养"]', 
    '专利. 文化遗产三维模型智能修复方法, 申请号. 202410789012.3. 软著. 文化遗产智能数字化平台CulDigi V3.5, 登记号. 2024SR789012.',
    '/attachments/project1008.zip', 
    '获教育部高等学校科学研究优秀成果奖一等奖. 与故宫博物院共建联合实验室.', 
    80.00, 3, 1, NOW()
),
(
    1009, '金融风控深度图学习反欺诈系统', 
    '["人工智能", "大数据与云计算"]', 
    '背景. 金融欺诈行为呈现团伙化隐蔽化趋势. 痛点. 传统模型难以识别复杂关联欺诈网络. 解决方案. 构建大规模异构金融知识图谱, 应用深度图表示学习挖掘潜在欺诈团伙. 竞争优势. 对团伙欺诈的检出率比逻辑回归模型高58%. 创新点. 提出动态时序图建模方法, 能捕捉欺诈模式演化规律.',
    '1. 某银行信用卡中心反欺诈系统升级. 覆盖1.2亿账户, 月均拦截团伙欺诈申请约3000笔. 2. 第三方支付机构交易实时监控. 平均延迟低于50毫秒.',
    '["技术授权", "联合研发"]', 
    '专利. 基于深度图学习的金融反欺诈方法及装置, 专利号. ZL202310890123.4. 软著. 金融知识图谱与反欺诈系统FinGraph V2.0, 登记号. 2023SR890123.',
    '/attachments/project1009.zip', 
    '系统已通过PCI DSS支付行业安全标准预评估. 提供可解释性报告模块.', 
    110.00, 1, 1, NOW()
),
(
    1010, '面向科学计算的国产高性能稀疏矩阵计算库', 
    '["其他"]', 
    '背景. 科学计算严重依赖国外数学库, 存在卡脖子风险. 痛点. 国产芯片生态缺失, 科学计算多为稀疏矩阵优化难度大. 解决方案. 自主研发面向国产众核架构的稀疏矩阵计算库. 竞争优势. 在国产平台上的性能达到同问题规模下MKL的92%, 功耗降低35%. 创新点. 提出面向不规则稀疏结构的自适应负载均衡策略.',
    '1. 国家超算中心数值风洞软件生态建设项目. 支撑千万网格量级CFD模拟. 2. 某航天院所飞行器结构力学分析软件国产化替换. 满足自主可控要求.',
    '["技术授权", "联合研发", "人才联合培养"]', 
    '专利. 一种面向众核处理器的稀疏矩阵计算方法, 申请号. 202410901234.5. 软著. 高性能稀疏矩阵计算库HPSparse V1.0, 登记号. 2024SR901234.',
    '/attachments/project1010.zip', 
    '入选科创中国开源创新榜. 已适配主流国产CPU.', 
    60.00, 2, 1, NOW()
),
(
    1011, '智慧城市多模态事件智能识别引擎', 
    '["人工智能", "大数据与云计算"]', 
    '背景. 城市管理摄像头产生海量视频流. 痛点. 依靠人工巡检发现事件效率低下. 解决方案. 融合监控视频车载GPS网格员上报文本等多模态数据. 竞争优势. 对7大类城市管理问题的自动识别准确率达86.5%. 创新点. 提出视觉文本位置交叉注意力融合模块.',
    '1. 北京市城市大脑建设项目. 接入全市5万余路摄像头, 日均自动发现事件约1.2万件. 2. 深圳智慧城管平台升级. 实现重点区域问题自动巡查.',
    '["技术授权", "联合研发", "技术咨询"]', 
    '专利. 基于多模态数据的城市事件智能识别方法, 专利号. ZL202311012345.6. 软著. 城市多模态事件智能分析引擎CityMind V2.2, 登记号. 2023SR012345.',
    '/attachments/project1011.zip', 
    '获工信部智慧城市典型解决方案奖项. 支持国产AI芯片部署.', 
    135.00, 1, 1, NOW()
),
(
    1012, '基于声纹分析的电机设备早期故障诊断仪', 
    '["物联网与嵌入式技术", "人工智能"]', 
    '背景. 电机早期故障难以被传统振动传感器捕捉. 痛点. 工厂环境噪声大, 故障声学特征微弱. 解决方案. 研发高灵敏度麦克风阵列, 结合深度卷积网络从复杂背景音中识别故障特征. 竞争优势. 比传统振动监测提前平均7天预警潜在故障, 成本仅为1/3. 创新点. 提出声纹电流多源融合诊断模型.',
    '1. 某水务集团泵站群预测性维护项目. 部署诊断仪500台, 成功预警11次重大故障. 2. 新能源汽车驱动电机出厂检测线. 检测效率提升5倍.',
    '["联合研发", "技术咨询"]', 
    '专利. 一种基于声纹分析的电机故障诊断装置及方法, 申请号. 202411123456.7. 软著. 电机声学智能诊断系统MotorEar V1.3, 登记号. 2024SR123456.',
    '/attachments/project1012.zip', 
    '设备已通过IP67防护等级认证. 提供边缘与云端两种部署模式.', 
    45.00, 3, 1, NOW()
),
(
    1013, '支持多方安全查询的政务数据开放平台', 
    '["信息安全", "大数据与云计算"]', 
    '背景. 政府开放数据需求增长, 但直接公开存在隐私风险. 痛点. 数据使用者需要灵活查询, 数据持有方需确保不泄露个体信息. 解决方案. 采用安全多方计算与差分隐私技术, 构建可信计算环境. 竞争优势. 平台性能较同态加密方案快100倍以上. 创新点. 设计可验证的查询结果差分隐私噪声注入机制.',
    '1. 某省统计局数据开放创新应用项目. 面向高校提供安全人口统计查询服务. 2. 市发改委企业扶持政策匹配平台. 实现政策与企业数据的安全匹配.',
    '["技术授权", "联合研发"]', 
    '专利. 支持多方安全查询的数据处理系统, 专利号. ZL202311234567.8. 软著. 政务数据安全开放平台GovSafeQuery V1.8, 登记号. 2023SR234567.',
    '/attachments/project1013.zip', 
    '平台已通过国家密码管理局商用密码应用安全性评估. 兼容主流国产数据库.', 
    75.00, 2, 1, NOW()
),
(
    1014, '人工智能辅助蛋白质结构预测与设计平台', 
    '["人工智能", "其他"]', 
    '背景. AI在蛋白质结构预测上表现卓越, 但在功能设计上仍有挑战. 痛点. 现有工具难以预测突变对动态功能的影响. 解决方案. 开发融合物理力场与深度学习的混合模型, 评估蛋白质与配体的结合自由能. 竞争优势. 在酶热稳定性改造任务中, 突变体成功率比传统方法高20%. 创新点. 提出等变图网络加分子动力学的迭代优化框架.',
    '1. 某生物制药公司抗体人源化优化项目. 对候选抗体进行改造, 产物亲和力显著提升. 2. 中科院微生物所工业酶设计合作. 成功设计出耐高温纤维素酶.',
    '["技术授权", "联合研发", "技术咨询"]', 
    '专利. 蛋白质功能的人工智能辅助设计方法及系统, 申请号. 202411345678.9. 软著. 蛋白质智能设计平台ProDesigner V2.5, 登记号. 2024SR345678.',
    '/attachments/project1014.zip', 
    '平台集成AlphaFold2本地化部署接口. 与北京生命科学研究所共建实验室.', 
    180.00, 1, 1, NOW()
),
(
    1015, '低空经济无人机自主巡航与冲突化解系统', 
    '["物联网与嵌入式技术", "人工智能"]', 
    '背景. 物流巡检等无人机应用爆发式增长. 痛点. 现有监管依赖人工报备, 无人机自主避障能力不足. 解决方案. 研发基于5G北斗的实时识别定位模块, 结合分布式强化学习实现多机自主协商. 竞争优势. 可管理每平方公里同时飞行的无人机数量提升300%. 创新点. 提出信用博弈混合决策模型.',
    '1. 南方电网输电线路智能巡检项目. 部署50架无人机集群, 实现线路全自动协同巡检. 2. 大型物流园区无人机配送试点. 管理10架配送无人机, 日均完成订单200加.',
    '["联合研发", "技术咨询", "人才联合培养"]', 
    '专利. 无人机集群自主巡航与冲突化解方法, 申请号. 202411456789.0. 软著. 低空无人机交通管理系统UTM V1.2, 登记号. 2024SR456789.',
    '/attachments/project1015.zip', 
    '系统符合民航局无人驾驶航空器飞行管理暂行条例. 参与行业标准起草.', 
    160.00, 0, 1, NOW()
),
(
    1016, '认知障碍早期筛查数字生物标志物平台', 
    '["人工智能", "其他"]', 
    '背景. 阿尔茨海默病等早期诊断困难. 痛点. 传统量表主观性强, 医院检查昂贵不便. 解决方案. 通过手机APP采集用户日常交互数据, 利用时序模型提取行为变化模式. 竞争优势. 预警信号比临床诊断平均提前2.1年. 创新点. 提出保护隐私的联邦学习框架.',
    '1. 国家老年疾病临床医学研究中心多中心研究. 累计纳入5000名受试者. 2. 北京社区养老服务驿站试点. 为800余名老人提供免费筛查.',
    '["联合研发", "技术咨询"]', 
    '专利. 基于行为数据的认知障碍筛查方法及系统, 申请号. 202411567890.1. 软著. 认知健康数字评估平台CogCheck V1.0, 登记号. 2024SR567890.',
    '/attachments/project1016.zip', 
    '项目获国家自然科学基金重点项目资助. APP已通过医疗器械软件分类界定.', 
    55.00, 1, 1, NOW()
);
INSERT INTO `project` (
    `project_id`, `project_name`, `tech_domain`, `description`, 
    `application_scenario`, `cooperation_need`, `intellectual_property`, 
    `attachment_url`, `other_supplement`, `budget`, `status`, 
    `reject_reason`, `applicant_id`, `created_at`, `audit_time`
) VALUES 
(
    1017, '面向个人开发者的通用代码自动生成助手', 
    '["人工智能"]', 
    '背景. 个人开发者在日常编程中经常需要编写重复性代码. 痛点. 手动编写效率低且容易出错. 解决方案. 开发一个基于大语言模型的IDE插件, 能够根据自然语言描述生成代码片段. 竞争优势. 支持30多种编程语言, 比现有工具响应速度更快. 创新点. 提出上下文感知的代码补全算法. 技术成熟度. 已完成算法验证和原型开发.',
    '1. 在校学生课程项目开发. 帮助计算机专业学生快速完成实验代码. 2. 小型创业公司原型开发. 加速产品最小可行版本的开发过程.',
    '["技术授权", "联合研发"]', 
    '软件著作权. 智能代码生成助手CodeGenius V1.0, 登记号. 2024SR678901. 论文. Context-Aware Code Generation for Personal Developers, 已投稿.',
    '/attachments/project1017.zip', 
    '该项目为个人开发者工具, 市场前景广阔但需要进一步完善商业化模式.', 
    25.00, 9, '项目创新性不足, 与现有商业产品功能重叠度较高, 且缺乏明确的市场差异化竞争优势. 建议重新调研市场后调整方案再申报.', 1, '2024-10-15 14:30:00', '2024-11-05 09:15:00'
);
-- 为已入库项目插入专家评审记录
INSERT INTO `review` (`review_id`, `project_id`, `expert_id`, `score`, `comments`, `review_time`, `status`) VALUES
-- 项目1005（医疗区块链）的评审记录
(5001, 1005, 3, 88, '项目创新性突出，将区块链与医疗数据结合解决了行业痛点，技术方案详实。建议在激励机制设计上进一步细化。', '2024-11-10 10:00:00', 1),
(5002, 1005, 4, 92, '应用场景明确，已具备良好的实践案例。技术架构合理，隐私保护措施到位，具有较高的推广价值。', '2024-11-11 14:30:00', 1),

-- 项目1008（文化遗产数字化）的评审记录
(5003, 1008, 3, 85, '项目将前沿AI技术应用于数字人文领域，社会文化价值显著。技术路线清晰，但部分细节如大规模数据处理的效率可进一步阐述。', '2024-11-12 09:15:00', 1),
(5004, 1008, 5, 90, '成果具有鲜明的学科交叉特色，合作案例扎实，展示了成熟的技术应用能力。建议在产业化推广方面制定更具体的计划。', '2024-11-13 16:20:00', 1);

-- 为项目1012插入专家评审记录
INSERT INTO `review` (`review_id`, `project_id`, `expert_id`, `score`, `comments`, `review_time`, `status`) VALUES
(5005, 1012, 3, 87, '项目选题精准，面向工业物联网的预测性维护需求明确。将声纹分析应用于电机早期故障检测是有效创新点，技术方案合理。建议进一步降低成本以增强市场竞争力。', '2024-11-14 11:20:00', 1),
(5006, 1012, 4, 91, '技术实用性很强，已在水务和新能源汽车领域有成功试点，验证了方案的可靠性。多源数据融合的创新点提升了诊断精度。项目具备良好的产业化前景。', '2024-11-15 15:45:00', 1);

-- 为评审中的项目（status=2）分配专家（状态为0，表示未评审）
-- 项目1003（古籍智能标注与知识图谱构建系统）：分配李教授和张博士
INSERT INTO `review` (`review_id`, `project_id`, `expert_id`, `score`, `comments`, `review_time`, `status`) VALUES
(5007, 1003, 3, NULL, NULL, NULL, 0),
(5008, 1003, 4, NULL, NULL, NULL, 0);

-- 项目1007（大规模网络攻击智能感知与溯源系统）：分配张博士和李教授
INSERT INTO `review` (`review_id`, `project_id`, `expert_id`, `score`, `comments`, `review_time`, `status`) VALUES
(5009, 1007, 4, NULL, NULL, NULL, 0),
(5010, 1007, 3, NULL, NULL, NULL, 0);

-- 项目1010（面向科学计算的国产高性能稀疏矩阵计算库）：分配张博士
INSERT INTO `review` (`review_id`, `project_id`, `expert_id`, `score`, `comments`, `review_time`, `status`) VALUES
(5011, 1010, 4, NULL, NULL, NULL, 0);

-- 项目1013（支持多方安全查询的政务数据开放平台）：分配张博士、李教授和陈专家
INSERT INTO `review` (`review_id`, `project_id`, `expert_id`, `score`, `comments`, `review_time`, `status`) VALUES
(5012, 1013, 4, NULL, NULL, NULL, 0),
(5013, 1013, 3, NULL, NULL, NULL, 0),
(5014, 1013, 5, NULL, NULL, NULL, 0);
SET FOREIGN_KEY_CHECKS = 1; 